Event Description,Date Event Began,Time Event Began,Date of Restoration,Time of Restoration,Time to Restore
Physical Attack - Vandalism,6/24/2014,2:54 PM,6/24/2014,2:55 PM,0:01
Physical Attack - Vandalism,6/19/2014,8:47 AM,6/19/2014,8:48 AM,0:01
Physical Attack - Vandalism,6/18/2014,9:52 AM,6/18/2014,7:00 PM,9:08
Severe Weather - Thunderstorms,6/15/2014,12:00 AM,6/15/2014,1:00 AM,1:00
Suspected Physical Attack,6/12/2014,9:10 AM,6/12/2014,9:11 AM,0:01
Physical Attack - Vandalism,6/11/2014,4:00 PM,6/11/2014,4:30 PM,0:30
Suspected Physical Attack,6/11/2014,9:30 AM,6/11/2014,9:31 AM,0:01
Electrical System Islanding,6/9/2014,11:07 AM,6/9/2014,11:30 AM,0:23
Severe Weather - Thunderstorms,6/5/2014,3:00 AM,6/7/2014,11:45 PM,20:45
Severe Weather - Thunderstorms,6/5/2014,1:06 PM,6/5/2014,1:07 PM,0:01
Electrical System Islanding,6/3/2014,3:32 PM,6/3/2014,3:59 PM,0:27
Physical Attack - Vandalism,6/3/2014,1:38 AM,6/3/2014,1:43 AM,0:05
Physical Attack - Vandalism,5/27/2014,11:00 AM,5/27/2014,4:53 PM,5:53
Electrical System Separation (Islanding),5/26/2014,12:31 PM,5/26/2014,1:18 PM,0:47
Physical Attack - Vandalism,5/23/2014,3:00 PM,5/25/2014,7:00 PM,4:00
Physical Attack - Vandalism,5/20/2014,7:01 AM,5/20/2014,7:02 AM,0:01
Public Appeal to Reduce Electricity Usage - Wild Fires,5/16/2014,10:43 AM,5/16/2014,9:00 PM,10:17
Suspected Physical Attack,5/15/2014,12:10 PM,5/15/2014,12:13 PM,0:03
Physical Attack - Vandalism,5/12/2014,1:14 PM,5/12/2014,1:15 PM,0:01
Physical Attack - Vandalism,5/11/2014,6:38 PM,5/11/2014,6:39 PM,0:01
Physical Attack,5/8/2014,8:39 AM,5/8/2014,8:40 AM,0:01
Physical Attack,5/8/2014,1:00 AM,5/8/2014,1:01 AM,0:01
Severe Weather - Thunderstorms,4/30/2014,3:50 AM,4/30/2014,2:00 PM,10:10
Physical Attack - Vandalism,4/27/2014,12:07 PM,4/27/2014,12:09 PM,0:02
Physical Attack - Vandalism,4/25/2014,7:00 AM,4/25/2014,7:30 AM,0:30
Electrical System Separation (Islanding),4/24/2014,3:02 PM,4/24/2014,5:13 PM,2:11
Load shedding of 100 Megawatts,4/23/2014,7:45 PM,4/23/2014,8:37 PM,0:52
Physical Attack - Vandalism,4/8/2014,1:00 PM,4/8/2014,1:01 PM,0:01
Voltage Reduction,4/8/2014,11:09 AM,4/8/2014,11:20 AM,0:11
Severe Weather - Wind,4/4/2014,3:30 AM,4/4/2014,8:15 AM,4:45
System Wide Voltage Reduction,3/31/2014,3:41 PM,3/31/2014,8:08 PM,4:27
Electrical System Separation (Islanding),3/26/2014,1:37 PM,3/26/2014,2:33 PM,0:56
Physical Attack - Vandalism,3/24/2014,11:07 AM,3/24/2014,11:08 AM,0:01
Suspected Cyber Attack,3/20/2014,12:00 AM,3/20/2014,12:01 AM,0:01
Physical Attack - Vandalism,3/14/2014,12:34 PM,3/14/2014,4:45 PM,4:11
Suspected Physical Attack,3/11/2014,12:00 AM,3/13/2014,12:00 AM,0:00
Severe Weather - Winter Storm,3/7/2014,3:30 AM,3/7/2014,9:00 PM,17:30
Physical Attack,3/5/2014,5:06 PM,3/5/2014,5:07 PM,0:01
Fuel Supply Emergency - Coal,3/4/2014,9:06 AM,3/17/2014,9:06 AM,0:00
Suspected Physical Attack,3/3/2014,5:25 PM,3/3/2014,5:25 PM,0:00
Severe Weather - Winter Storm,3/3/2014,6:40 AM,3/3/2014,3:28 PM,8:48
Fuel Supply Emergency - Hydro,3/3/2014,1:48 AM,3/3/2014,1:49 AM,0:01
Severe Weather - Thunderstorms/High Winds,2/21/2014,2:53 AM,2/21/2014,9:00 PM,18:07
Severe Weather - Snow/Ice,2/20/2014,4:40 PM,2/21/2014,11:59 PM,7:19
Physical Attack - Vandalism,2/18/2014,6:43 PM,2/18/2014,6:44 PM,0:01
Physical Attack - Vandalism,2/14/2014,1:00 PM,2/14/2014,3:00 PM,2:00
Severe Weather - Snow/Ice,2/12/2014,12:10 PM,2/15/2014,3:20 PM,3:10
Physical Attack - Vandalism,2/12/2014,2:15 PM,2/12/2014,2:16 PM,0:01
Public Appeal to Reduce Electricity Usage,2/7/2014,4:50 PM,2/7/2014,8:30 PM,3:40
Fuel Supply Emergency - Coal,2/7/2014,7:00 AM,3/21/2014,8:00 AM,1:00
Fuel Supply Emergency - Natural Gas,2/6/2014,1:00 PM,2/6/2014,10:00 PM,9:00
Public Appeal to Reduce Electricity Usage,2/6/2014,1:58 PM,2/6/2014,8:40 PM,6:42
Fuel Supply Emergency - Natural Gas,2/6/2014,2:15 PM,2/6/2014,7:39 PM,5:24
Fuel Supply Emergency - Natural Gas,2/6/2014,1:05 PM,2/6/2014,7:15 PM,6:10
Severe Weather - Snow/Ice,2/5/2014,1:00 AM,2/9/2014,8:40 PM,19:40
Severe Weather - Snow/Ice,2/5/2014,12:00 AM,2/9/2014,6:00 PM,18:00
Severe Weather - Ice,2/5/2014,8:05 AM,2/5/2014,8:06 AM,0:01
Fuel Supply Emergency - Coal,2/5/2014,7:00 AM,2/23/2014,7:00 AM,0:00
Severe Weather - Snow/Ice,2/5/2014,5:00 AM,2/5/2014,5:01 AM,0:01
Physical Attack - Vandalism,1/29/2014,4:00 PM,1/29/2014,4:44 PM,0:44
Public Appeal due to Severe Weather - Cold,1/27/2014,2:20 PM,1/28/2014,9:00 PM,6:40
Physical Attack - Vandalism,1/25/2014,10:00 AM,1/25/2014,11:00 AM,1:00
Physical Attack - Vandalism,1/24/2014,3:30 PM,1/24/2014,5:00 PM,1:30
Fuel Supply Emergency - Coal,1/24/2014,12:00 AM,4/9/2014,11:53 AM,11:53
Public Appeal due to Severe Weather - Cold,1/23/2014,4:00 AM,1/24/2014,12:00 PM,8:00
Physical Attack - Vandalism,1/22/2014,9:45 AM,1/22/2014,8:19 PM,10:34
Physical Attack - Vandalism,1/22/2014,1:55 PM,1/22/2014,2:55 PM,1:00
Physical Attack - Vandalism,1/22/2014,12:30 AM,1/22/2014,2:45 AM,2:15
Physical Attack - Vandalism,1/21/2014,12:14 PM,1/21/2014,12:39 PM,0:25
Public Appeal to Reduce Electricity Usage,1/18/2014,9:00 AM,1/18/2014,9:45 AM,0:45
Suspected Physical Attack,1/17/2014,12:20 PM,1/17/2014,12:20 PM,0:00
Physical Attack - Vandalism,1/16/2014,12:30 PM,1/16/2014,1:57 PM,1:27
Physical Attack - Vandalism,1/15/2014,2:32 PM,1/15/2014,2:45 PM,0:13
Physical Attack - Vandalism,1/13/2014,4:44 PM,1/13/2014,4:45 PM,0:01
Voltage Reduction; Public Appeal; Load Shed 100+MW due to Severe Weather - Cold,1/8/2014,6:00 AM,1/8/2014,9:00 AM,3:00
Voltage Reduction due to Severe Weather - Cold,1/8/2014,5:00 AM,1/8/2014,6:30 AM,1:30
Voltage Reduction; Public Appeal; Load Shed 100+MW due to Severe Weather - Cold,1/7/2014,6:00 PM,1/7/2014,11:00 PM,5:00
Voltage Reduction; Public Appeal due to Severe Weather - Cold,1/7/2014,7:58 AM,1/7/2014,11:00 AM,3:02
Fuel Supply Emergency due to Severe Weather - Cold,1/7/2014,9:30 AM,1/8/2014,9:30 AM,0:00
Public Appeal due to Severe Weather - Cold,1/7/2014,6:00 AM,1/7/2014,8:30 AM,2:30
Public Appeal due to Severe Weather - Cold,1/7/2014,6:00 AM,1/7/2014,8:30 AM,2:30
Severe Weather - Cold,1/7/2014,6:18 AM,1/7/2014,6:19 AM,0:01
Public Appeal due to Severe Weather - Cold,1/6/2014,10:00 PM,1/6/2014,10:01 PM,0:01
Public Appeal due to Severe Weather - Cold,1/6/2014,8:45 PM,1/7/2014,9:00 PM,0:15
Voltage Reduction due to Severe Weather - Cold,1/6/2014,7:50 PM,1/6/2014,8:49 PM,0:59
Voltage Reduction due to Severe Weather - Cold,1/6/2014,7:52 PM,1/6/2014,8:45 PM,0:53
Voltage Reduction due to Severe Weather - Cold,1/6/2014,7:50 PM,1/6/2014,8:44 PM,0:54
Voltage Reduction due to Severe Weather - Cold,1/6/2014,7:50 PM,1/6/2014,8:44 PM,0:54
Voltage Reduction due to Severe Weather - Cold,1/6/2014,7:50 PM,1/6/2014,8:44 PM,0:54
Vandalism,1/6/2014,2:37 PM,1/6/2014,2:38 PM,0:01
Public Appeal due to Severe Weather - Cold,1/6/2014,7:01 AM,1/7/2014,9:00 AM,1:59
Physical Attack,12/30/2013,11:00 AM,12/30/2013,11:01 AM,0:01
Physical Attack,12/27/2013,9:43 AM,12/27/2013,12:43 PM,3:00
Severe Weather - Ice/Snow,12/22/2013,6:16 AM,12/24/2013,11:59 PM,17:43
Severe Weather - Ice/Snow,12/22/2013,3:28 AM,12/28/2013,11:45 PM,20:17
Fuel Supply Emergencies (Coal),12/13/2013,11:00 AM,12/27/2013,11:00 AM,0:00
Fuel Supply Emergencies (Coal),12/13/2013,11:00 AM,12/27/2013,11:00 AM,0:00
Suspected Physical Attack,12/10/2013,1:01 AM,12/11/2013,1:01 AM,0:00
Severe Weather - Ice/Snow,12/9/2013,6:54 AM,12/9/2013,2:22 PM,7:28
Severe Weather - Ice/Snow,12/6/2013,1:51 AM,12/11/2013,12:00 PM,10:09
"Physical Attack - Vandalism, Theft",12/6/2013,8:47 AM,12/6/2013,8:49 AM,0:02
Load Shed 100+ MW,12/4/2013,5:00 AM,12/4/2013,4:17 PM,11:17
Physical Attack - Vandalism,11/24/2013,7:38 AM,11/24/2013,7:39 AM,0:01
Physical Attack - Vandalism,11/20/2013,3:08 AM,11/20/2013,3:09 AM,0:01
Severe Weather - Thunderstorms,11/17/2013,2:31 PM,11/17/2013,10:30 PM,7:59
Severe Weather - Ice and Snow Storm,11/17/2013,7:00 AM,11/20/2013,6:54 PM,11:54
Severe Weather - Thunderstorms,11/17/2013,4:19 PM,11/18/2013,6:00 PM,1:41
Severe Weather - Thunderstorms,11/17/2013,4:47 PM,11/20/2013,4:47 PM,0:00
Severe Weather - Thunderstorms,11/17/2013,4:45 PM,11/21/2013,4:45 PM,0:00
System-wide voltage reductions of 3 percent or more,11/17/2013,12:35 PM,11/17/2013,1:40 PM,1:05
Severe Weather - Thunderstorms,11/17/2013,1:06 PM,11/20/2013,1:06 PM,0:00
Physical Attack - Vandalism,11/16/2013,3:15 PM,11/16/2013,3:16 PM,0:01
Electrical System Separation (Islanding),11/12/2013,2:04 PM,11/12/2013,2:05 PM,0:01
Loss of Power from Wholesale Provider; Major Distribution Disruption,11/12/2013,9:14 AM,11/12/2013,10:30 AM,1:16
Physical Attack,11/5/2013,10:10 AM,11/7/2013,10:10 AM,0:00
Physical Attack - Vandalism,11/4/2013,9:04 AM,11/4/2013,9:05 AM,0:01
Physical Attack - Vandalism,11/2/2013,8:25 AM,11/2/2013,8:26 AM,0:01
Severe Weather - Heavy Winds,11/2/2013,12:00 AM,11/4/2013,6:00 AM,6:00
Physical Attack - Vandalism,11/1/2013,1:26 PM,11/1/2013,1:27 PM,0:01
Severe Weather - Hail Storm,10/27/2013,4:27 AM,10/27/2013,10:27 PM,18:00
Suspected Physical Attack,10/26/2013,7:13 AM,10/26/2013,7:14 AM,0:01
Electrical System Separation (Islanding),10/21/2013,5:18 AM,10/21/2013,5:33 AM,0:15
Physical Attack,10/19/2013,2:32 PM,10/19/2013,10:00 PM,7:28
Cyber Event with Potential to Cause Impact,10/16/2013,11:15 AM,10/16/2013,6:00 PM,6:45
Physical Attack,10/11/2013,2:30 PM,10/11/2013,6:30 PM,4:00
Physical Attack,10/6/2013,7:25 AM,10/6/2013,9:15 AM,1:50
Physcial Attack; Sabotage,9/29/2013,12:00 AM,9/29/2013,1:00 AM,1:00
Severe Weather - Thunderstorms,9/11/2013,4:00 PM,9/15/2013,4:00 PM,0:00
Electrical System Separation (Islanding); Severe Weather,8/29/2013,2:57 PM,8/29/2013,3:29 PM,0:32
Physcial Attack; Vandalism,8/29/2013,9:50 AM,8/29/2013,9:50 AM,0:00
Physcial Attack; Vandalism,8/28/2013,9:30 AM,8/28/2013,9:31 AM,0:01
Physcial Attack; Vandalism,8/26/2013,8:15 PM,8/26/2013,8:16 PM,0:01
Physcial Attack; Vandalism,8/23/2013,7:30 AM,8/23/2013,7:31 AM,0:01
Physcial Attack; Vandalism,8/22/2013,12:55 PM,8/22/2013,2:45 PM,1:50
Physcial Attack; Sabotage,8/22/2013,8:40 AM,8/22/2013,11:49 AM,3:09
Physcial Attack; Sabotage,8/21/2013,2:00 PM,8/21/2013,2:01 PM,0:01
Severe Weather - Thunderstorms,8/16/2013,4:58 PM,8/17/2013,11:58 PM,7:00
Suspicious Activity,8/12/2013,11:55 AM,8/12/2013,11:59 AM,0:04
Severe Weather - Thunderstorms,8/7/2013,12:15 AM,8/7/2013,9:27 PM,21:12
Fuel Supply Emergency (Natural Gas & Fuel Oil),8/7/2013,7:30 AM,8/7/2013,9:14 AM,1:44
Physcial Attack; Vandalism,8/6/2013,4:00 PM,8/6/2013,5:32 PM,1:32
Electrical System Separation (Islanding); Severe Weather,8/5/2013,6:35 PM,8/5/2013,6:45 PM,0:10
Physical Attack; Vandalism,8/4/2013,3:00 AM,8/4/2013,4:00 AM,1:00
Electrical System Separation (Islanding,8/1/2013,6:54 PM,8/1/2013,7:37 PM,0:43
Physical Attack; Copper Theft,8/1/2013,11:00 AM,8/1/2013,4:00 PM,5:00
Physical Attack; Vandalism,7/25/2013,1:10 PM,7/25/2013,1:15 PM,0:05
Physical Attack; Vandalism,7/22/2013,7:00 AM,7/22/2013,3:00 PM,8:00
Public Appeal - Heatwave,7/18/2013,11:30 AM,7/19/2013,5:30 PM,6:00
Physical Attack; Vandalism,7/18/2013,3:15 AM,7/18/2013,3:59 AM,0:44
Physical Attack; Vandalism,7/12/2013,10:00 AM,7/12/2013,10:01 AM,0:01
Severe Weather - Thunderstorms,7/10/2013,5:30 PM,7/11/2013,8:00 PM,2:30
Physical Attack; Copper Theft,7/10/2013,2:30 PM,7/10/2013,2:45 PM,0:15
Physical Attack; Vandalism,7/5/2013,12:05 AM,7/5/2013,1:51 AM,1:46
Voltage Reduction; Line and Generator Trip,7/3/2013,12:04 PM,7/3/2013,12:48 PM,0:44
Suspected Physical Attack,7/3/2013,9:34 AM,7/3/2013,10:52 AM,1:18
Load Shed 100+MW,7/2/2013,2:20 PM,7/5/2013,3:30 PM,1:10
Equipment Failure,6/28/2013,6:02 PM,6/28/2013,8:46 PM,2:44
Physical Attack; Vandalism,6/28/2013,5:14 PM,6/28/2013,5:15 PM,0:01
Physical Attack; Vandalism,6/28/2013,1:00 PM,6/28/2013,1:01 PM,0:01
Physical Attack; Vandalism,6/27/2013,1:10 AM,6/27/2013,2:45 AM,1:35
Physical Attack; Vandalism,6/22/2013,4:59 AM,6/22/2013,9:28 PM,16:29
Suspected Physical Attack,6/22/2013,4:12 PM,6/22/2013,5:45 PM,1:33
Physical Attack; Vandalism,6/21/2013,11:14 PM,6/21/2013,11:15 PM,0:01
Suspected Cyber Attack,6/21/2013,8:31 AM,10/30/2013,2:09 PM,5:38
Physical Attack; Vandalism & Sabotage,6/21/2013,7:40 AM,6/21/2013,12:14 PM,4:34
Severe Weather - Hailstorm,6/21/2013,3:00 AM,6/26/2013,12:00 PM,9:00
Electrical System Separation (Islanding),6/19/2013,7:57 PM,6/19/2013,8:09 PM,0:12
Electrical System Separation (Islanding),6/18/2013,3:51 PM,6/18/2013,4:23 PM,0:32
Load Shed of 100+ MW Under Emergency Operational Policy,6/17/2013,4:17 PM,6/17/2013,6:49 PM,2:32
Severe Weather - Thunderstorms,6/13/2013,8:47 PM,6/14/2013,10:47 PM,2:00
Severe Weather - Thunderstorms,6/13/2013,3:20 PM,6/14/2013,9:10 PM,5:50
Severe Weather - Thunderstorms,6/13/2013,5:45 PM,6/14/2013,6:30 PM,0:45
Severe Weather - Thunderstorms,6/13/2013,1:17 PM,6/14/2013,5:35 PM,4:18
Severe Weather - Thunderstorms,6/13/2013,4:08 PM,6/14/2013,5:16 PM,1:08
Loss of 300+ MW Load; Severe Weather - Thunderstorms,6/13/2013,3:30 PM,6/13/2013,4:00 PM,0:30
Electrical System Separation (Islanding),6/3/2013,12:50 PM,6/3/2013,1:36 PM,0:46
Severe Weather - Thunderstorms,5/31/2013,7:30 PM,6/1/2013,8:00 PM,0:30
Severe Weather - Lightning,5/31/2013,1:00 AM,5/31/2013,1:30 AM,0:30
Vandalism,5/30/2013,10:15 AM,5/30/2013,10:16 AM,0:01
Vandalism/Theft,5/29/2013,9:52 AM,5/29/2013,9:53 AM,0:01
Physical Attack,5/29/2013,12:00 AM,5/29/2013,12:02 AM,0:02
Vandalism/Theft,5/28/2013,1:00 PM,5/28/2013,6:00 PM,5:00
System Wide Voltage Reduction,5/22/2013,10:51 AM,5/22/2013,10:57 AM,0:06
Generator Trip; Load Shed 100+ MW,5/20/2013,5:22 PM,5/20/2013,9:09 PM,3:47
Severe Weather - Tornados,5/20/2013,3:00 PM,5/22/2013,5:00 PM,2:00
Vandalism,5/17/2013,8:35 AM,5/17/2013,8:36 AM,0:01
Vandalism,5/15/2013,2:11 PM,5/15/2013,2:12 PM,0:01
Vandalism/Theft,5/14/2013,12:01 AM,5/14/2013,1:59 PM,13:58
Vandalism,5/14/2013,10:25 AM,5/14/2013,11:42 AM,1:17
Electrical System Separation (Islanding),5/9/2013,1:21 PM,5/9/2013,4:21 PM,3:00
Electrical System Separation (Islanding),5/2/2013,6:52 AM,5/2/2013,10:07 AM,3:15
Electrical System Separation (Islanding),5/1/2013,9:22 AM,5/1/2013,9:24 AM,0:02
Vandalism,4/23/2013,11:00 AM,4/23/2013,11:01 AM,0:01
Electrical System Separation (Islanding),4/23/2013,12:49 AM,4/23/2013,4:04 AM,3:15
Suspected Physical Attack,4/21/2013,2:11 AM,4/21/2013,12:30 PM,10:19
Suspected Physical Attack,4/17/2013,3:36 PM,4/17/2013,4:53 PM,1:17
"Loss of Part of a High Voltage Substation, Physical Attack",4/16/2013,1:47 AM,4/18/2013,3:25 PM,13:38
Vandalism,4/9/2013,11:30 AM,4/9/2013,11:31 AM,0:01
Sabotage; Vandalism,4/3/2013,11:05 AM,4/3/2013,2:00 PM,2:55
Vandalism - Copper Wire Theft,4/1/2013,8:40 AM,4/1/2013,8:41 AM,0:01
Suspected Physical Attack,3/29/2013,10:16 AM,3/29/2013,10:17 AM,0:01
Vandalism,3/28/2013,1:01 PM,3/28/2013,1:02 PM,0:01
Physical Attack; Vandalism,3/27/2013,10:25 AM,3/27/2013,12:19 PM,1:54
Vandalism,3/23/2013,7:00 AM,3/23/2013,9:00 AM,2:00
Suspected Physical Attack,3/18/2013,5:50 PM,3/18/2013,6:07 PM,0:17
Generator Trip; Load Shed,3/18/2013,5:21 AM,3/18/2013,5:41 AM,0:20
Severe Weather - Winter Storm,3/6/2013,8:22 AM,3/7/2013,10:27 AM,2:05
Equipment Failure; Transmission System Interruption,3/4/2013,9:49 AM,3/4/2013,10:00 PM,12:11
Vandalism,3/3/2013,4:27 PM,3/3/2013,6:20 PM,1:53
Transmission System Interruption,3/3/2013,6:39 AM,3/3/2013,10:29 AM,3:50
Vandalism,2/21/2013,11:00 AM,2/21/2013,11:30 AM,0:30
Vandalism,2/16/2013,7:54 AM,2/16/2013,7:54 AM,0:00
Vandalism,2/15/2013,12:00 AM,2/15/2013,12:01 AM,0:01
Fuel Supply Emergency - Petroleum,2/13/2013,5:39 PM,2/15/2013,5:50 PM,0:11
Vandalism,2/13/2013,9:30 AM,2/13/2013,9:30 AM,0:00
Generator Trip; Voltage Reduction,2/10/2013,7:46 PM,2/10/2013,8:15 PM,0:29
Vandalism; Equipment Fault,2/9/2013,8:30 AM,2/9/2013,3:00 PM,6:30
Severe Weather - Winter Storm Nemo,2/8/2013,8:00 PM,2/11/2013,8:30 PM,0:30
Equipment Trip & Failure,2/8/2013,11:38 AM,2/8/2013,2:17 PM,2:39
Vandalism,2/7/2013,8:32 AM,2/7/2013,9:47 AM,1:15
Vandalism,2/2/2013,9:15 PM,2/2/2013,10:15 PM,1:00
Severe Weather - Wind Storm,1/31/2013,6:30 AM,1/31/2013,10:00 AM,3:30
Severe Weather - Wind Storm,1/31/2013,3:05 AM,1/31/2013,4:48 AM,1:43
Physical Attack,1/28/2013,4:46 PM,1/28/2013,6:00 PM,1:14
Severe Weather - Wind Storm,1/20/2013,3:30 AM,1/23/2013,6:15 AM,2:45
Distribution Interruption,1/17/2013,8:35 PM,1/17/2013,9:20 PM,0:45
Severe Weather - Winter Storm,1/17/2013,6:07 PM,1/20/2013,7:30 PM,1:23
Suspected Physical Attack,1/16/2013,4:45 PM,1/16/2013,7:26 PM,2:41
Physcial Attack; Vandalism,1/16/2013,2:25 PM,1/16/2013,2:25 PM,0:00
Physical Attack,1/16/2013,7:41 AM,1/17/2013,10:58 AM,3:17
Physcial Attack; Vandalism,1/7/2013,10:43 AM,1/7/2013,10:43 AM,0:00
Transmission Interruption,12/31/2012,2:21 PM,12/31/2012,4:30 PM,2:09
Severe Weather - Thunderstorm,12/26/2012,2:50 PM,12/26/2012,7:40 PM,4:50
"Severe Weather - Cold Front, High Winds",12/25/2012,9:28 AM,12/26/2012,4:28 PM,7:00
Severe Weather - Winter Storm,12/25/2012,12:45 AM,12/28/2012,4:15 PM,15:30
Suspected Physical Attack,12/17/2012,6:55 AM,12/17/2012,7:00 AM,0:05
Load Shed,12/6/2012,9:18 PM,12/6/2012,9:31 PM,0:13
Suspected Physical Attack,12/3/2012,12:02 PM,12/3/2012,12:30 PM,0:28
Severe Weather - Winter Storm,12/2/2012,5:20 AM,12/4/2012,9:00 AM,3:40
Physical Attack; Vandalism,11/27/2012,1:07 PM,11/27/2012,1:40 PM,0:33
Physical Attack; Vandalism,11/26/2012,3:07 PM,11/26/2012,3:08 PM,0:01
Physical Attack; Vandalism,11/26/2012,12:37 PM,11/26/2012,12:38 PM,0:01
Physical Attack; Vandalism,11/21/2012,2:50 PM,11/21/2012,2:51 PM,0:01
Fuel Supply Deficiency,11/17/2012,10:00 AM,11/18/2012,10:00 AM,0:00
Suspected Cyber Attack,11/15/2012,9:09 PM,11/15/2012,9:26 PM,0:17
Physical Attack; Vandalism,11/15/2012,5:38 AM,11/15/2012,5:39 AM,0:01
Physical Attack; Vandalism,11/8/2012,9:34 AM,11/8/2012,9:35 AM,0:01
Physical Attack; Vandalism,11/7/2012,2:21 PM,11/7/2012,2:48 PM,0:27
Physical Attack; Vandalism,11/2/2012,9:30 AM,11/2/2012,12:10 PM,2:40
Severe Weather - Nor'easter,10/30/2012,2:00 AM,11/1/2012,10:00 PM,20:00
Physical Attack; Vandalism,10/30/2012,3:00 PM,10/30/2012,3:01 PM,0:01
Vandalism,10/30/2012,1:20 PM,10/30/2012,1:25 PM,0:05
Physical Attack; Vandalism,10/30/2012,12:00 AM,10/30/2012,12:02 AM,0:02
Severe Weather - Hurricane Sandy,10/29/2012,12:00 AM,11/9/2012,11:59 PM,23:59
Severe Weather - Hurricane Sandy,10/29/2012,4:00 PM,11/5/2012,11:59 PM,7:59
Severe Weather - Hurricane Sandy,10/29/2012,4:00 PM,11/7/2012,11:48 PM,7:48
Severe Weather - Hurricane Sandy,10/29/2012,12:00 PM,11/4/2012,11:00 PM,11:00
Severe Weather - Hurricane Sandy,10/29/2012,8:00 AM,11/4/2012,11:00 PM,15:00
Severe Weather - Hurricane Sandy,10/29/2012,6:11 PM,11/4/2012,10:50 PM,4:39
Severe Weather - Hurricane Sandy,10/29/2012,3:15 PM,11/4/2012,8:00 PM,4:45
Severe Weather - Hurricane Sandy,10/29/2012,6:12 PM,10/30/2012,7:35 PM,1:23
Severe Weather - Hurricane Sandy,10/29/2012,4:01 PM,11/8/2012,7:00 PM,2:59
Severe Weather - Hurricane Sandy,10/29/2012,2:40 PM,10/30/2012,6:16 PM,3:36
Severe Weather - Hurricane Sandy,10/29/2012,9:00 AM,11/2/2012,6:00 PM,9:00
Severe Weather - Hurricane Sandy,10/29/2012,4:00 PM,11/8/2012,5:08 PM,1:08
Suspected Physical Attack,10/29/2012,3:00 PM,10/29/2012,3:01 PM,0:01
Severe Weather - Hurricane Sandy,10/29/2012,1:00 PM,11/12/2012,2:00 PM,1:00
Physical Attack; Vandalism,10/29/2012,9:00 AM,10/29/2012,9:01 AM,0:01
Physical Attack; Vandalism,10/25/2012,6:51 PM,10/25/2012,7:30 PM,0:39
Physical Attack; Vandalism,10/25/2012,2:39 PM,10/25/2012,6:00 PM,3:21
Physical Attack; Vandalism,10/25/2012,12:00 AM,10/25/2012,12:01 AM,0:01
Physical Attack; Vandalism,10/24/2012,3:15 PM,10/24/2012,3:16 PM,0:01
Physical Attack; Vandalism,10/24/2012,12:00 AM,10/24/2012,12:01 AM,0:01
Suspected Physical Attack,10/24/2012,12:00 AM,10/24/2012,12:01 AM,0:01
Transmission System Interruption,10/23/2012,9:10 AM,10/23/2012,9:16 AM,0:06
Physical Attack; Vandalism,10/22/2012,12:00 AM,10/22/2012,12:01 AM,0:01
Vandalism; Theft,10/15/2012,2:15 PM,10/15/2012,2:16 PM,0:01
Electrical System Separation (Islanding),10/14/2012,10:36 AM,10/14/2012,10:50 AM,0:14
Vandalsim,10/11/2012,12:00 AM,10/11/2012,12:01 AM,0:01
Vandalsim,10/9/2012,12:00 AM,10/9/2012,12:01 AM,0:01
Suspected Physical Attack,10/5/2012,5:30 PM,10/5/2012,5:50 PM,0:20
Voltage Reduction,9/26/2012,9:16 PM,9/26/2012,10:18 PM,1:02
Suspected Physical Attack,9/24/2012,12:00 AM,9/25/2012,12:00 AM,0:00
Electrical System Separation (Islanding),9/11/2012,1:00 PM,9/11/2012,1:58 PM,0:58
Severe Weather - Thunderstorms,9/8/2012,3:53 PM,9/9/2012,7:46 PM,3:53
Severe Weather - Thunderstorms,9/8/2012,3:40 PM,9/8/2012,6:45 PM,3:05
Electrical System Separation (Islanding),9/5/2012,10:56 AM,9/5/2012,11:27 AM,0:31
Severe Weather - Hurricane Isaac,8/29/2012,6:53 AM,8/30/2012,2:00 PM,7:07
Severe Weather - Hurricane Isaac,8/29/2012,9:48 AM,8/31/2012,12:55 PM,3:07
Severe Weather - Hurricane Isaac,8/29/2012,9:00 AM,8/31/2012,12:00 PM,3:00
Severe Weather - Hurricane Isaac,8/28/2012,6:00 AM,9/4/2012,8:00 AM,2:00
Suspected Physical Attack,8/19/2012,8:42 AM,8/19/2012,12:08 PM,3:26
Vandalism,8/16/2012,1:13 PM,8/16/2012,1:13 PM,0:00
Severe Weather - Dust Storm; Load Shed Event,8/13/2012,3:52 PM,8/13/2012,7:44 PM,3:52
Vandalism,8/13/2012,1:15 PM,8/13/2012,1:15 PM,0:00
Suspected Physical Attack,8/11/2012,12:45 PM,8/11/2012,5:00 PM,4:15
Severe Weather - Thunderstorms,8/4/2012,4:00 AM,8/4/2012,7:20 AM,3:20
Electrical System Separation (Islanding),8/4/2012,3:55 AM,8/4/2012,4:21 AM,0:26
Public Appeal to Reduce Electricity Usage,8/1/2012,12:00 PM,8/1/2012,12:00 PM,0:00
Severe Weather - Thunderstorms,7/27/2012,5:19 PM,7/28/2012,5:19 PM,0:00
Severe Weather - Thunderstorms,7/26/2012,6:21 PM,7/28/2012,11:30 PM,5:09
Severe Weather - Thunderstorms,7/26/2012,6:14 PM,7/27/2012,6:14 PM,0:00
Severe Weather - Thunderstorms,7/24/2012,7:30 AM,7/24/2012,10:00 PM,14:30
Severe Weather - Thunderstorms,7/24/2012,7:01 AM,7/24/2012,4:30 PM,9:29
Severe Weather; Equipment Failure,7/21/2012,2:19 AM,7/21/2012,5:20 AM,3:01
Vandalism,7/19/2012,12:32 PM,7/19/2012,12:33 PM,0:01
Fuel Supply Deficiency (Coal),7/19/2012,10:30 AM,7/31/2012,11:00 AM,0:30
Severe Weather - Thunderstorms,7/18/2012,2:16 PM,7/19/2012,11:58 PM,9:42
Severe Weather - Thunderstorms,7/18/2012,4:20 PM,7/18/2012,7:05 PM,2:45
Public Appeal to Reduce Energy Usage,7/16/2012,11:27 AM,7/16/2012,12:29 PM,1:02
Energy Deficiency Alert,7/9/2012,12:15 PM,7/9/2012,4:14 PM,3:59
Severe Weather - Thunderstorms,7/7/2012,6:06 AM,7/9/2012,11:00 PM,16:54
Severe Weather - Thunderstorms,7/7/2012,6:00 PM,7/9/2012,7:01 PM,1:01
Fuel Supply Deficiency (Water),7/7/2012,4:00 AM,7/10/2012,4:00 AM,0:00
Vandalism,7/6/2012,3:05 PM,7/6/2012,3:06 PM,0:01
Severe Weather - Thunderstorms,7/5/2012,12:00 AM,7/6/2012,8:30 PM,20:30
Operational Failure; Storm Damage,7/1/2012,4:47 PM,7/1/2012,11:00 PM,6:13
Severe Weather,7/1/2012,5:45 PM,7/1/2012,10:15 PM,4:30
Severe Weather - Thunderstorms,7/1/2012,1:00 PM,7/3/2012,3:00 PM,2:00
Severe Weather - Thunderstorms,6/30/2012,1:15 AM,7/7/2012,5:33 PM,16:18
Severe Weather - Thunderstorms,6/30/2012,1:00 AM,7/3/2012,1:00 AM,0:00
Severe Weather - Thunderstorms,6/29/2012,5:15 PM,7/2/2012,11:59 PM,6:44
Public Appeal to Reduce Electricity Usage,6/29/2012,4:00 PM,6/29/2012,9:00 PM,5:00
Severe Weather - Thunderstorms,6/29/2012,7:00 PM,7/7/2012,7:43 PM,0:43
Severe Weather - Thunderstorms,6/29/2012,2:10 PM,7/4/2012,6:00 PM,3:50
Equipment Trip & Failure,6/29/2012,12:10 PM,6/29/2012,5:02 PM,4:52
Severe Weather - Thunderstorms,6/29/2012,4:00 PM,7/2/2012,4:00 PM,0:00
Physical Attack,6/29/2012,10:45 AM,6/29/2012,10:45 AM,0:00
Load Shed,6/23/2012,6:57 PM,6/23/2012,7:28 PM,0:31
Severe Weather - Thunderstorms,6/19/2012,4:30 AM,6/20/2012,11:00 PM,18:30
Fuel Supply Deficiency (Water),6/19/2012,5:30 AM,6/21/2012,5:30 AM,0:00
Vandalism,6/13/2012,4:55 PM,6/13/2012,10:09 PM,5:14
Load Shed,6/8/2012,5:20 PM,6/8/2012,5:25 PM,0:05
Vandalism,6/6/2012,12:37 PM,6/6/2012,12:37 PM,0:00
Vandalism,6/6/2012,8:00 AM,6/6/2012,8:00 AM,0:00
Vandalism,6/2/2012,7:30 AM,6/2/2012,11:35 AM,4:05
Physical Attack,5/29/2012,6:30 PM,5/29/2012,7:40 PM,1:10
Physical Attack,5/24/2012,3:20 PM,5/25/2012,5:29 PM,2:09
Vandalism,5/11/2012,11:05 AM,5/11/2012,11:20 AM,0:15
Load Shed/Severe Weather  - Lightning Storm,5/7/2012,5:45 PM,5/7/2012,6:06 PM,0:21
Vandalism,5/7/2012,12:50 PM,5/7/2012,2:00 PM,1:10
Suspected Physical Attack,4/23/2012,11:56 AM,4/23/2012,3:35 PM,3:39
Suspected Physical Attack,4/23/2012,8:11 AM,4/23/2012,12:47 PM,4:36
Physical Attack,4/21/2012,3:02 PM,4/21/2012,8:09 PM,5:07
Suspected Physical Attack,4/19/2012,7:53 AM,4/19/2012,4:00 PM,8:07
Suspected Physical Attack,4/17/2012,6:11 AM,4/17/2012,5:48 PM,11:37
Suspected Physical Attack,4/15/2012,7:38 PM,4/15/2012,9:26 PM,1:48
Suspected Physical Attack,4/12/2012,8:08 AM,4/12/2012,4:30 PM,8:22
Vandalism,4/11/2012,9:00 AM,4/11/2012,9:00 AM,0:00
Physical Attack,4/7/2012,2:35 PM,4/7/2012,2:36 PM,0:01
Physical Attack,4/7/2012,12:25 PM,4/7/2012,12:26 PM,0:01
Physical Attack,4/7/2012,9:31 AM,4/7/2012,9:32 AM,0:01
Physical Attack,4/3/2012,3:33 PM,4/3/2012,8:25 PM,4:52
Vandalism,4/3/2012,11:10 AM,4/3/2012,11:25 AM,0:15
Suspected Physical Attack,3/30/2012,11:10 AM,3/30/2012,11:30 AM,0:20
Electrical System Separation (Islanding),3/29/2012,12:01 PM,3/29/2012,12:02 PM,0:01
Suspected Physical Attack,3/28/2012,10:17 AM,3/28/2012,10:17 AM,0:00
Suspected Physical Attack,3/26/2012,1:24 PM,3/26/2012,1:24 PM,0:00
Suspected Physical Attack,3/23/2012,7:34 PM,3/23/2012,7:34 PM,0:00
Severe Weather - Thunderstorms,3/20/2012,8:00 AM,3/20/2012,1:00 PM,5:00
Suspected Physical Attack,3/16/2012,4:00 PM,3/16/2012,4:00 PM,0:00
Suspected Physical Attack,3/4/2012,1:27 AM,3/4/2012,6:58 AM,5:31
Operational Failure/Equipment Malfunction,3/2/2012,1:45 PM,3/2/2012,3:30 PM,1:45
Suspected Physical Attack,2/28/2012,7:00 AM,2/28/2012,7:00 AM,0:00
Electrical System Separation (Islanding),2/28/2012,2:59 AM,2/28/2012,6:12 AM,3:13
Suspected Physical Attack,2/24/2012,11:24 AM,2/24/2012,11:49 AM,0:25
Suspected Physical Attack,2/23/2012,5:45 AM,2/23/2012,3:02 PM,9:17
Suspected Cyber Attack,2/17/2012,3:00 AM,2/17/2012,11:33 AM,8:33
Suspected Physical Attack,2/15/2012,5:33 AM,2/15/2012,5:30 PM,11:57
Suspected Physical Attack,2/13/2012,7:02 AM,2/13/2012,4:25 PM,9:23
Suspected Physical Attack,2/11/2012,8:47 AM,2/11/2012,10:30 AM,1:43
Suspected Physical Attack,2/11/2012,8:55 AM,2/11/2012,8:55 AM,0:00
Vandalism,1/29/2012,12:45 PM,1/29/2012,12:45 PM,0:00
Vandalism,1/27/2012,9:40 AM,1/27/2012,9:40 AM,0:00
Vandalism,1/24/2012,11:22 AM,1/24/2012,11:22 AM,0:00
Severe Weather - Winter Storm,1/19/2012,7:00 AM,1/20/2012,3:00 PM,8:00
Suspected Cyber Attack,1/17/2012,10:31 AM,1/17/2012,5:21 PM,6:50
Vandalism,1/15/2012,9:35 AM,1/15/2012,9:35 AM,0:00
Physical Attack,1/13/2012,9:20 AM,1/13/2012,9:20 AM,0:00
Physical Attack,1/12/2012,8:26 AM,1/12/2012,8:26 AM,0:00
Suspected Physical Attack,1/11/2012,7:19 AM,1/11/2012,9:07 AM,1:48
Load Shed,1/10/2012,9:30 PM,1/10/2012,9:30 PM,0:00
Vandalism,1/9/2012,2:30 PM,1/9/2012,3:30 PM,1:00
Sabotage,1/5/2012,10:35 AM,1/5/2012,12:25 PM,1:50
Suspected physical attack,1/5/2012,10:28 AM,1/5/2012,12:25 PM,1:57
Suspected physical attack,1/4/2012,12:14 PM,1/4/2012,12:14 PM,0:00
Suspected Physical Attack,12/31/2011,9:26 PM,12/31/2011,9:26 PM,0:00
Suspected Cyber Attack,12/21/2011,10:30 AM,12/21/2011,10:30 AM,0:00
Suspected Physical Attack,12/20/2011,9:30 AM,12/20/2011,9:31 AM,0:01
Suspected Physical Attack,12/20/2011,7:45 AM,12/20/2011,8:45 AM,1:00
Suspected Physical Attack,12/19/2011,8:48 AM,12/19/2011,4:00 PM,7:12
Suspected Physical Attack,12/13/2011,3:19 AM,12/14/2011,3:19 AM,0:00
Suspected Physical Attack,12/8/2011,8:45 AM,12/8/2011,4:30 PM,7:45
Severe Weather,12/7/2011,7:29 PM,12/7/2011,10:57 PM,3:28
Public Appeal to Reduce Electricity Usage,12/6/2011,8:00 AM,12/6/2011,8:00 PM,12:00
Suspected Physical Attack,12/5/2011,2:00 PM,12/6/2011,5:00 PM,3:00
Suspected Physical Attack,12/2/2011,4:15 PM,12/2/2011,8:30 PM,4:15
Severe Weather,12/1/2011,12:45 AM,12/7/2011,9:00 PM,20:15
Severe Weather,12/1/2011,10:00 AM,12/2/2011,1:11 PM,3:11
Severe Weather,12/1/2011,3:29 AM,12/2/2011,1:05 PM,9:36
Vandalism,11/30/2011,10:00 AM,11/30/2011,11:00 AM,1:00
Suspected Physical Attack,11/22/2011,11:16 PM,11/22/2011,11:16 PM,0:00
Vandalism,11/14/2011,2:24 PM,11/14/2011,2:24 PM,0:00
Vandalism,11/13/2011,11:30 AM,11/13/2011,12:00 PM,0:30
Vandalism,11/4/2011,10:46 AM,11/4/2011,10:46 AM,0:00
Severe Weather,10/29/2011,12:57 PM,11/3/2011,11:00 PM,10:03
Severe Weather,10/29/2011,4:16 PM,11/2/2011,9:30 PM,5:14
Severe Weather,10/29/2011,8:00 PM,10/31/2011,8:00 PM,0:00
Severe Weather,10/29/2011,8:59 AM,11/7/2011,7:58 PM,10:59
Severe Weather,10/29/2011,8:59 AM,11/7/2011,3:00 PM,6:01
Severe Weather,10/29/2011,2:00 PM,10/31/2011,14:00,0:00
Severe Weather,10/29/2011,9:59 AM,11/7/2011,1:00 PM,3:01
Vandalism,10/27/2011,1:00 AM,10/27/2011,2:36 AM,1:36
Severe Weather,10/26/2011,5:00 AM,10/27/2011,3:00 PM,10:00
Vandalism,10/20/2011,7:15 AM,10/20/2011,7:15 AM,0:00
Suspected Physical Attack,10/18/2011,3:45 AM,10/18/2011,5:25 AM,1:40
Vandalism,10/17/2011,3:44 PM,10/17/2011,3:44 PM,0:00
Vandalism,10/17/2011,3:34 AM,10/17/2011,10:42 AM,7:08
Vandalism,10/14/2011,2:20 PM,10/14/2011,2:20 PM,0:00
Suspected Physical Attack,10/7/2011,8:04 AM,10/7/2011,4:00 PM,7:56
Vandalism,10/6/2011,11:07 AM,10/6/2011,11:07 AM,0:00
Suspected Physical Attack,9/30/2011,8:22 AM,9/30/2011,8:22 AM,0:00
Severe Weather,9/29/2011,5:00 AM,9/30/2011,6:00 AM,1:00
Suspected Physical Attack,9/28/2011,4:41 PM,9/28/2011,4:41 PM,0:00
Vandalism,9/28/2011,2:59 PM,9/28/2011,2:59 PM,0:00
Vandalism,9/28/2011,9:30 AM,9/28/2011,1:00 PM,3:30
Vandalism,9/26/2011,10:15 AM,9/26/2011,10:15 AM,0:00
Vandalism,9/23/2011,9:04 AM,9/23/2011,9:04 AM,0:00
Vandalism,9/22/2011,2:50 PM,9/22/2011,2:51 PM,0:01
Generation Inadequacy; Load Shed,9/21/2011,2:37 PM,9/21/2011,3:47 PM,1:10
Suspected Physical Attack,9/21/2011,10:30 AM,9/21/2011,10:30 AM,0:00
Vandalism,9/20/2011,12:55 PM,9/20/2011,5:00 PM,4:05
Vandalism,9/14/2011,9:00 AM,9/14/2011,2:00 PM,5:00
Vandalism,9/13/2011,2:03 PM,9/13/2011,6:21 PM,4:18
Vandalism,9/13/2011,11:43 AM,9/14/2011,4:00 PM,4:17
Vandalism,9/12/2011,9:15 AM,9/12/2011,3:30 PM,6:15
Transmission/Distribution Interruption; Load Shed; Generation Inadequacy,9/8/2011,3:28 PM,9/10/2011,3:30 PM,0:02
Actual Physical Attack,9/7/2011,12:08 AM,9/7/2011,10:50 AM,10:42
Severe Weather,9/3/2011,2:00 PM,9/8/2011,6:00 PM,4:00
Vandalism,9/1/2011,8:13 AM,9/1/2011,4:00 PM,7:47
Suspected Physical Attack,8/31/2011,12:52 PM,8/31/2011,12:52 PM,0:00
Suspected Physical Attack,8/28/2011,8:55 PM,8/28/2011,11:39 PM,2:44
Severe Weather,8/28/2011,12:30 PM,8/28/2011,12:31 PM,0:01
Severe Weather,8/28/2011,12:10 PM,8/28/2011,12:11 PM,0:01
Severe Weather,8/28/2011,7:40 AM,8/29/2011,7:40 AM,0:00
Severe Weather,8/28/2011,5:01 AM,9/3/2011,5:01 AM,0:00
Severe Weather,8/28/2011,5:00 AM,8/30/2011,5:00 AM,0:00
Severe Weather,8/28/2011,2:58 AM,8/30/2011,2:58 AM,0:00
Severe Weather,8/28/2011,12:30 AM,8/30/2011,12:30 AM,0:00
Severe Weather,8/28/2011,12:23 AM,8/30/2011,12:23 AM,0:00
Severe Weather,8/28/2011,12:01 AM,8/30/2011,12:01 AM,0:00
Severe Weather,8/27/2011,8:30 PM,9/4/2011,11:30 PM,3:00
Severe Weather,8/27/2011,2:57 AM,8/29/2011,11:30 PM,20:33
Severe Weather,8/27/2011,10:00 PM,8/29/2011,10:00 PM,0:00
Severe Weather,8/27/2011,11:05:00 p.m.,8/29/2011,3:30 PM,#VALUE!
Severe Weather,8/27/2011,10:33 AM,8/29/2011,2:00 PM,3:27
Severe Weather,8/27/2011,1:00 PM,8/29/2011,1:00 PM,0:00
Distribution System Interruption,8/27/2011,2:00 AM,8/27/2011,5:15 AM,3:15
Severe Weather,8/26/2011,12:30 AM,8/28/2011,12:30 AM,0:00
Severe Weather,8/25/2011,12:30 AM,8/28/2011,8:00 PM,19:30
Suspected Physical Attack,8/25/2011,12:01 AM,8/25/2011,12:01 AM,0:00
Severe Weather,8/24/2011,2:51 PM,8/24/2011,10:00 PM,7:09
Public Appeal to Reduce Electricity Usage,8/24/2011,1:20 PM,8/29/2011,7:00 PM,5:40
Public Appeal to Reduce Electricity Usage,8/23/2011,3:43 PM,8/23/2011,7:00 PM,3:17
Public Appeal to Reduce Electricity Usage,8/23/2011,10:30 AM,8/23/2011,4:54 PM,6:24
Earthquake,8/23/2011,1:51 PM,8/23/2011,1:51 PM,0:00
Suspected Physical Attack,8/22/2011,10:05 AM,8/22/2011,4:00 PM,5:55
Severe Weather,8/21/2011,10:45 PM,8/23/2011,10:45 PM,0:00
Severe Weather,8/20/2011,5:42 PM,8/23/2011,8:00 PM,2:18
Suspected Physical Attack,8/18/2011,9:51 AM,8/18/2011,4:00 PM,6:09
Vandalism,8/15/2011,2:05 AM,8/15/2011,3:40 AM,1:35
Severe Weather,8/13/2011,4:41 PM,8/14/2011,7:00 PM,2:19
Vandalism,8/9/2011,10:26 AM,8/9/2011,5:00 PM,6:34
Vandalism,8/8/2011,9:35 AM,8/8/2011,4:00 PM,6:25
Suspected Physical Attack,8/8/2011,9:30 AM,8/8/2011,9:30 AM,0:00
Public Appeal to Reduce Electricity Usage,8/4/2011,10:30 AM,8/4/2011,4:00 PM,5:30
Public Appeal to Reduce Electricity Usage,8/3/2011,4:29 PM,8/3/2011,11:40 PM,7:11
Public Appeal to Reduce Electricity Usage,8/3/2011,4:30 PM,8/3/2011,9:00 PM,4:30
Fuel Supply Deficiency (Coal),8/3/2011,10:00 AM,8/19/2011,10:00 AM,0:00
Public Appeal to Reduce Electricity Usage,8/1/2011,3:00 PM,8/5/2011,7:00 PM,4:00
Vandalism,8/1/2011,2:18 PM,8/1/2011,2:18 PM,0:00
Vandalism,7/29/2011,11:46 AM,7/29/2011,5:00 PM,5:14
Vandalism,7/28/2011,7:25 PM,7/28/2011,7:25 PM,0:00
Vandalism,7/28/2011,1:32 PM,7/28/2011,1:32 PM,0:00
Severe Weather,7/28/2011,12:14 AM,7/29/2011,12:00 PM,11:46
Fuel Supply Deficiency (Coal),7/28/2011,7:26 AM,7/29/2011,7:26 AM,0:00
Vandalism,7/27/2011,12:07 PM,7/27/2011,12:08 PM,0:01
Vandalism,7/26/2011,12:01 PM,7/26/2011,12:01 PM,0:00
Vandalism,7/24/2011,2:34 PM,7/24/2011,3:47 PM,1:13
Severe Weather,7/23/2011,2:30 AM,7/24/2011,9:00 AM,6:30
Public Appeal to Reduce Electricity Usage,7/22/2011,11:00 AM,7/22/2011,6:00 PM,7:00
Load Shed,7/22/2011,11:34 AM,7/22/2011,5:26 PM,5:52
Public Appeal to Reduce Electricity Usage,7/21/2011,1:00 PM,7/21/2011,3:00 PM,2:00
Vandalism,7/20/2011,9:10 AM,7/20/2011,4:30 PM,7:20
Vandalism,7/19/2011,11:45 AM,7/19/2011,3:00 PM,3:15
Public Appeal to Reduce Electricity Usage,7/14/2011,11:00 AM,7/14/2011,7:00 PM,8:00
Load Shed,7/13/2011,5:19 PM,7/13/2011,10:03 PM,4:44
Suspected Physical Attack,7/12/2011,8:20 PM,7/12/2011,9:30 PM,1:10
Vandalism,7/12/2011,12:00 PM,7/12/2011,12:00 PM,0:00
Severe Weather,7/11/2011,2:27 PM,7/12/2011,3:50 PM,1:23
Vandalism,7/11/2011,1:30 PM,7/11/2011,1:30 PM,0:00
Vandalism,7/11/2011,1:13 PM,7/11/2011,1:13 PM,0:00
Severe Weather,7/11/2011,9:00 AM,7/11/2011,10:25 AM,1:25
Severe Weather,7/11/2011,9:00 AM,7/11/2011,9:00 AM,0:00
Vandalism,7/8/2011,10:00 AM,7/8/2011,10:00 AM,0:00
Vandalism,7/6/2011,9:51 AM,7/6/2011,9:52 AM,0:01
Vandalism,7/5/2011,10:40 AM,7/5/2011,11:37 AM,0:57
Severe Weather,7/4/2011,6:00 PM,7/4/2011,9:00 PM,3:00
Severe Weather,7/2/2011,8:15 PM,7/6/2011,10:00 PM,1:45
Vandalism,7/1/2011,4:38 PM,7/1/2011,10:38 PM,6:00
Severe Weather,7/1/2011,5:00 PM,7/3/2011,8:00 PM,3:00
Vandalism,7/1/2011,8:00 AM,7/1/2011,8:01 AM,0:01
Major System Interruption/Load Shed,6/30/2011,2:11 PM,6/30/2011,11:25 PM,9:14
Vandalism,6/30/2011,10:31 PM,6/30/2011,10:31 PM,0:00
Public Appeal to Reduce Electricity Usage,6/29/2011,11:30 AM,6/29/2011,6:04 PM,6:34
Public Appeal to Reduce Electricity Usage,6/27/2011,3:00 PM,6/27/2011,7:00 PM,4:00
Vandalism,6/27/2011,6:55 PM,6/27/2011,6:55 PM,0:00
Severe Thunderstorms,6/27/2011,12:00 AM,6/29/2011,1:00 AM,1:00
Vandalism,6/23/2011,8:10 AM,6/23/2011,9:00 AM,0:50
Vandalism,6/22/2011,8:12 PM,6/22/2011,8:12 PM,0:00
Severe Weather,6/22/2011,9:46 AM,6/22/2011,9:46 AM,0:00
Vandalism,6/20/2011,10:36 AM,6/20/2011,10:36 AM,0:00
Public Appeal to Reduce Electricity Usage,6/18/2011,4:45 PM,6/20/2011,11:59 PM,7:14
Severe Thunderstorms,6/18/2011,5:00 PM,6/18/2011,9:33 PM,4:33
Severe Thunderstorms,6/18/2011,3:30 PM,6/19/2011,3:42 PM,0:12
Severe Thunderstorms,6/12/2011,7:00 PM,6/12/2011,8:30 PM,1:30
Suspected Physical Attack,6/9/2011,2:15 PM,6/9/2011,2:15 PM,0:00
Severe Thunderstorms,6/9/2011,4:30 AM,6/9/2011,12:00 PM,7:30
Vandalism,6/8/2011,12:58 PM,6/8/2011,12:58 PM,0:00
Public Appeal to Reduce Electricity Usage,6/6/2011,3:00 PM,6/8/2011,3:00 PM,0:00
Load Shed/ Automatic undervoltage relay action,6/6/2011,12:13 AM,6/6/2011,3:15 AM,3:02
Electrical System Separation (Islanding),6/5/2011,8:02 PM,6/5/2011,8:55 PM,0:53
Vandalism,6/4/2011,1:17 AM,6/4/2011,3:25 AM,2:08
Severe Weather,5/29/2011,6:30 PM,5/31/2011,10:00 PM,3:30
Transmission Level Interruption,5/26/2011,1:00 AM,5/26/2011,6:00 AM,5:00
Severe Weather,5/24/2011,4:45 PM,5/26/2011,5:00 PM,0:15
Physical Attack,5/24/2011,9:00 AM,5/25/2011,9:10 AM,0:10
Severe Weather,5/23/2011,4:45 PM,5/25/2011,11:59 PM,7:14
Severe Weather,5/23/2011,12:30 PM,5/25/2011,12:30 PM,0:00
Physical Attack,5/21/2011,5:00 PM,5/22/2011,6:34 PM,1:34
Vandalism,5/13/2011,6:00 AM,5/13/2011,6:00 AM,0:00
Severe Weather,5/11/2011,12:15 AM,5/11/2011,5:20 PM,17:05
Vandalism,5/11/2011,1:35 PM,5/11/2011,1:35 PM,0:00
Vandalism,5/11/2011,11:00 AM,5/11/2011,11:30 AM,0:30
Vandalism,5/10/2011,1:45 PM,5/10/2011,3:00 PM,1:15
Generation Inadequacy; Load Shed; Electrical System Separation (Islanding),5/10/2011,3:25 AM,5/11/2011,2:10 PM,10:45
Vandalism,5/9/2011,1:11 PM,5/9/2011,1:11 PM,0:00
Suspected Physical Attack,5/9/2011,4:08 AM,5/9/2011,6:40 AM,2:32
Vandalism,5/8/2011,7:35 PM,5/8/2011,7:35 PM,0:00
Vandalism,5/6/2011,6:56 AM,5/6/2011,10:30 AM,3:34
Vandalism,5/5/2011,9:15 AM,5/5/2011,9:15 AM,0:00
Suspected Sabotage,5/4/2011,12:20 PM,5/4/2011,3:40 PM,3:20
Suspected Physical Attack,5/4/2011,1:08 PM,5/4/2011,1:25 PM,0:17
Suspected Physical Attack,5/3/2011,12:00 PM,5/5/2011,12:00 PM,0:00
Severe Weather,5/2/2011,5:06 PM,5/2/2011,8:00 PM,2:54
Suspected Physical Attack,5/2/2011,2:00 PM,5/2/2011,2:00 PM,0:00
Vandalism,5/2/2011,8:52 AM,5/2/2011,10:46 AM,1:54
Severe Weather,4/28/2011,5:00 AM,4/30/2011,6:30 PM,13:30
Equipment Malfunction,4/28/2011,4:09 PM,4/28/2011,4:10 PM,0:01
Severe Weather,4/27/2011,10:00 AM,4/29/2011,4:29 PM,6:29
Severe Weather,4/27/2011,8:00 AM,5/2/2011,4:03 PM,8:03
Vandalism,4/26/2011,1:04 PM,4/26/2011,2:00 PM,0:56
Severe Weather,4/26/2011,5:49 AM,4/27/2011,9:59 AM,4:10
Severe Weather,4/26/2011,9:51 AM,4/28/2011,9:51 AM,0:00
Severe Weather,4/25/2011,5:30 PM,4/27/2011,6:00 PM,0:30
Equipment Malfunction,4/25/2011,4:33 PM,4/25/2011,5:19 PM,0:46
Severe Weather,4/22/2011,9:00 PM,4/22/2011,11:00 PM,2:00
Suspicious Activity,4/21/2011,7:00 PM,4/29/2011,7:05 PM,0:05
Vandalism,4/21/2011,7:15 AM,4/21/2011,4:50 PM,9:35
Severe Weather - High Winds,4/20/2011,2:00 AM,4/21/2011,12:00 PM,10:00
Equipment Malfunction,4/20/2011,8:07 AM,4/20/2011,8:14 AM,0:07
Severe Weather,4/19/2011,8:00 PM,4/19/2011,10:00 PM,2:00
Vandalism,4/19/2011,2:01 PM,4/19/2011,4:04 PM,2:03
Severe Weather,4/16/2011,2:16 PM,4/17/2011,4:30 PM,2:14
Suspicious Activity,4/11/2011,5:40 PM,4/11/2011,5:51 PM,0:11
Vandalism,4/6/2011,10:50 AM,4/6/2011,10:50 AM,0:00
Severe Weather,4/5/2011,2:00 AM,4/7/2011,11:00 PM,21:00
Severe Weather,4/4/2011,9:00 PM,4/5/2011,11:30 PM,2:30
Severe Weather,4/4/2011,7:00 PM,4/5/2011,8:00 PM,1:00
Severe Weather,3/31/2011,2:30 PM,4/1/2011,11:59 PM,9:29
Severe Weather,3/31/2011,11:30 AM,3/31/2011,8:30 PM,9:00
Transmission Level Outage,3/27/2011,1:27 PM,3/27/2011,5:00 PM,3:33
Major Storm,3/21/2011,12:35 PM,3/21/2011,2:45 PM,2:10
Vandalism,3/21/2011,12:57 AM,3/21/2011,2:29 AM,1:32
Major Storm,3/20/2011,9:44 AM,3/21/2011,10:00 AM,0:16
Vandalism,3/18/2011,9:54 AM,3/18/2011,3:34 PM,5:40
Vandalism,3/17/2011,7:40 AM,3/17/2011,11:00 AM,3:20
Suspected Physical Attack,3/15/2011,6:00 PM,3/15/2011,7:14 PM,1:14
Suspected Cyber Attack,3/14/2011,7:30 AM,3/14/2011,4:55 PM,9:25
Severe Weather,3/13/2011,2:20 PM,3/14/2011,3:46 PM,1:26
Generation Inadequacy/Load Shed,3/11/2011,7:02 AM,3/11/2011,9:15 AM,2:13
Fuel Supply Deficiency (Coal),3/8/2011,8:00 AM,3/18/2001,9:00 AM,1:00
Vandalism,3/6/2011,2:54 AM,3/8/2011,8:00 AM,5:06
Fuel Supply Deficiency (Coal),3/1/2011,8:00 AM,3/5/2011,9:30 AM,1:30
Severe Weather,2/25/2011,3:23 PM,2/27/2011,6:00 PM,2:37
Severe Weather,2/25/2011,3:20 PM,2/25/2011,6:00 PM,2:40
Winter Storm,2/25/2011,8:00 AM,2/28/2011,5:30 PM,9:30
Vandalism,2/25/2011,10:30 AM,2/25/2011,10:45 AM,0:15
Electrical System Separation (Islanding),2/24/2011,4:51 PM,2/24/2011,4:54 PM,0:03
Winter Storm,2/20/2011,4:00 PM,2/23/2011,4:00 PM,0:00
Vandalism,2/19/2011,4:34 PM,2/19/2011,4:34 PM,0:00
Suspected Cyber Attack,2/17/2011,1:00 PM,2/23/2011,4:53 PM,3:53
Major Storm,2/17/2011,1:25 AM,2/19/2011,10:13 AM,8:48
Vandalism,2/10/2011,1:00 PM,2/10/2011,1:00 PM,0:00
Vandalism,2/9/2011,2:54 PM,2/9/2011,5:00 PM,2:06
Winter Storm,2/9/2011,3:45 AM,2/9/2011,9:12 AM,5:27
Suspected Cyber Attack,2/3/2011,2:30 PM,2/3/2011,2:30 PM,0:00
Winter Storm,2/2/2011,3:00 AM,2/4/2011,11:59 PM,20:59
Generation Inadequacy/Load Shed,2/2/2011,7:24 AM,2/2/2011,10:23 PM,14:59
Fuel Supply Deficiency (Natural Gas),2/2/2011,5:00 PM,2/3/2011,10:00 PM,5:00
Generation Inadequacy/Load Shed,2/2/2011,5:43 AM,2/3/2011,10:00 AM,4:17
Generation Inadequacy/Load Shed,2/2/2011,6:22 AM,2/2/2011,9:57 AM,3:35
Vandalism,1/27/2011,9:30 AM,1/27/2011,9:30 AM,0:00
Suspected Telecommunications Attack,1/26/2011,9:25 AM,1/27/2011,5:00 PM,7:35
Vandalism,1/26/2011,9:33 AM,1/27/2011,3:03 PM,5:30
Vandalism,1/25/2011,3:23 AM,1/25/2011,11:00 AM,7:37
Suspicious Activity,1/24/2011,1:20 PM,1/24/2011,1:30 PM,0:10
Vandalism,1/23/2011,7:00 AM,1/23/2011,1:00 PM,6:00
Vandalism,1/18/2011,2:00 PM,1/18/2011,2:00 PM,0:00
Firm System Load Shed,1/13/2011,7:21 AM,1/13/2011,8:13 AM,0:52
Winter Storm,1/12/2011,6:00 AM,1/12/2011,2:00 PM,8:00
Electrical Fault at Generator,1/11/2011,11:08 PM,1/11/2011,11:08 PM,0:00
